<?xml version="1.0" encoding="UTF-8"?>

<COMPONENT> 
  <HEADER AUTHOR="Audun Wilhelmsen" COMPATIBILITY="ALL" DATA_AUTO_PROPAGATE="false" PLATEFORM="ALL" RELEASE_DATE="20080229A" SERIAL="" STARTABLE="true" STATUS="ALPHA" VERSION="0.102"> 
    <SIGNATURE/> 
  </HEADER>  
  <FAMILIES>   
    <FAMILY>Solr</FAMILY> 
  </FAMILIES>  
  <DOCUMENTATION> 
    <URL/> 
  </DOCUMENTATION>  
  <CONNECTORS> 
		<CONNECTOR CTYPE="FLOW" MAX_INPUT="0" MAX_OUTPUT="1"/>
		<CONNECTOR CTYPE="ITERATE" MAX_INPUT="0" MAX_OUTPUT="1" />
		<CONNECTOR CTYPE="SUBJOB_OK" MAX_INPUT="1" />
		<CONNECTOR CTYPE="SUBJOB_ERROR" MAX_INPUT="1" />
		<CONNECTOR CTYPE="COMPONENT_OK" />
		<CONNECTOR CTYPE="COMPONENT_ERROR" />
		<CONNECTOR CTYPE="RUN_IF" />
  </CONNECTORS>  
  <PARAMETERS> 
    <PARAMETER NAME="SOLR_SERVER" FIELD="COMPONENT_LIST" FILTER="tSolrConnection" NUM_ROW="10" DYNAMIC_SETTINGS="true"/>
	<PARAMETER NAME="QUERY" FIELD="MEMO" NUM_ROW="30" NB_LINES="10" REQUIRED="true" REPOSITORY_VALUE="QUERY"><DEFAULT>"*:*"</DEFAULT></PARAMETER>
	<PARAMETER NAME="ROWSIZE" FIELD="INTEGER" NUM_ROW="40" REQUIRED="true" REPOSITORY_VALUE="ROWIZE"><DEFAULT>10</DEFAULT></PARAMETER>
  </PARAMETERS>  
  <CODEGENERATION> 
    <IMPORTS> 
      <IMPORT MODULE="commons-codec-1.5.jar" NAME="commons-codec-1.5" REQUIRED="true"/>  
      <IMPORT MODULE="commons-httpclient-3.1.jar" NAME="commons-httpclient-3.1" REQUIRED="true"/>  
      <IMPORT MODULE="commons-io-1.4.jar" NAME="commons-io-1.4" REQUIRED="true"/>  
      <IMPORT MODULE="geronimo-stax-api_1.0_spec-1.0.1.jar" NAME="geronimo-stax-api_1.0_spec-1.0.1" REQUIRED="true"/>  
      <IMPORT MODULE="jcl-over-slf4j-1.6.1.jar" NAME="jcl-over-slf4j-1.6.1" REQUIRED="true"/>  
      <IMPORT MODULE="wstx-asl-3.2.7.jar" NAME="wstx-asl-3.2.7.jar" REQUIRED="true"/>  
      <IMPORT MODULE="slf4j-api-1.6.2.jar" NAME="slf4j-api-1.6.2" REQUIRED="true"/>  
      <IMPORT MODULE="commons-logging-1.1.1.jar" NAME="commons-logging-1.1.1" REQUIRED="true"/>  
      <IMPORT MODULE="commons-fileupload-1.2.1.jar" NAME="commons-fileupload-1.2.1" REQUIRED="true"/>   
      <IMPORT MODULE="servlet-api.jar" NAME="servlet-api" REQUIRED="true"/> 
      <IMPORT MODULE="velocity-1.6.4.jar" NAME="velocity-1.6.4" REQUIRED="true"/>  
      <IMPORT MODULE="lucene-analyzers-3.5.0.jar" NAME="lucene-analyzers-3.5.0" REQUIRED="true"/>  
      <IMPORT MODULE="lucene-core-3.5.0.jar" NAME="lucene-core-3.5.0" REQUIRED="true"/>  
      <IMPORT MODULE="lucene-grouping-3.5.0.jar" NAME="lucene-grouping-3.5.0" REQUIRED="true"/>  
      <IMPORT MODULE="lucene-highlighter-3.5.0.jar" NAME="lucene-highlighter-3.5.0" REQUIRED="true"/>  
      <IMPORT MODULE="lucene-memory-3.5.0.jar" NAME="lucene-memory-3.5.0" REQUIRED="true"/>  
      <IMPORT MODULE="lucene-misc-3.5.0.jar" NAME="lucene-misc-3.5.0" REQUIRED="true"/>  
      <IMPORT MODULE="lucene-queries-3.5.0.jar" NAME="lucene-queries-3.5.0" REQUIRED="true"/>  
      <IMPORT MODULE="lucene-spatial-3.5.0.jar" NAME="lucene-spatial-3.5.0" REQUIRED="true"/>  
      <IMPORT MODULE="lucene-spellchecker-3.5.0.jar" NAME="lucene-spellchecker-3.5.0" REQUIRED="true"/>  
      <IMPORT MODULE="solr-commons-csv-3.5.0.jar" NAME="solr-commons-csv-3.5.0" REQUIRED="true"/>  
      <IMPORT MODULE="solr-core-3.5.0.jar" NAME="solr-core-3.5.0" REQUIRED="true"/>  
      <IMPORT MODULE="solr-noggit-3.5.0.jar" NAME="solr-noggit-3.5.0" REQUIRED="true"/>  
      <IMPORT MODULE="solr-solrj-3.5.0.jar" NAME="solr-solrj-3.5.0" REQUIRED="true"/>  
    </IMPORTS> 
  </CODEGENERATION>  
  <RETURNS> 
    <RETURN AVAILABILITY="AFTER" NAME="NB_LINE" TYPE="id_Integer"/> 
  </RETURNS> 
</COMPONENT>
